<annotation>
	<folder>Desktop</folder>
	<filename>10.jpg</filename>
	<path>C:\Users\86152\Desktop\10.jpg</path>
	<source>
		<database>Unknown</database>
	</source>
	<size>
		<width>500</width>
		<height>333</height>
		<depth>3</depth>
	</size>
	<segmented>0</segmented>
	<object>
		<name>computer</name>
		<pose>Unspecified</pose>
		<truncated>0</truncated>
		<difficult>0</difficult>
		<bndbox>
			<xmin>114</xmin>
			<ymin>63</ymin>
			<xmax>393</xmax>
			<ymax>314</ymax>
		</bndbox>
	</object>
</annotation>
