<annotation>
	<folder>333</folder>
	<filename>123.jpg</filename>
	<path>C:\Users\86152\PycharmProjects\untitled3\.idea\333\123.jpg</path>
	<source>
		<database>Unknown</database>
	</source>
	<size>
		<width>500</width>
		<height>333</height>
		<depth>3</depth>
	</size>
	<segmented>0</segmented>
	<object>
		<name>computer</name>
		<pose>Unspecified</pose>
		<truncated>0</truncated>
		<difficult>0</difficult>
		<bndbox>
			<xmin>58</xmin>
			<ymin>18</ymin>
			<xmax>274</xmax>
			<ymax>167</ymax>
		</bndbox>
	</object>
	<object>
		<name>computer</name>
		<pose>Unspecified</pose>
		<truncated>0</truncated>
		<difficult>0</difficult>
		<bndbox>
			<xmin>156</xmin>
			<ymin>60</ymin>
			<xmax>455</xmax>
			<ymax>282</ymax>
		</bndbox>
	</object>
</annotation>
