<annotation verified="yes">
	<folder>333</folder>
	<filename>141.jpg</filename>
	<path>C:\Users\86152\PycharmProjects\untitled3\.idea\333\141.jpg</path>
	<source>
		<database>Unknown</database>
	</source>
	<size>
		<width>500</width>
		<height>333</height>
		<depth>3</depth>
	</size>
	<segmented>0</segmented>
	<object>
		<name>computer</name>
		<pose>Unspecified</pose>
		<truncated>0</truncated>
		<difficult>0</difficult>
		<bndbox>
			<xmin>54</xmin>
			<ymin>173</ymin>
			<xmax>309</xmax>
			<ymax>303</ymax>
		</bndbox>
	</object>
</annotation>
