<annotation verified="yes">
	<folder>333</folder>
	<filename>156.jpg</filename>
	<path>C:\Users\86152\PycharmProjects\untitled3\.idea\333\156.jpg</path>
	<source>
		<database>Unknown</database>
	</source>
	<size>
		<width>500</width>
		<height>333</height>
		<depth>3</depth>
	</size>
	<segmented>0</segmented>
	<object>
		<name>computer</name>
		<pose>Unspecified</pose>
		<truncated>0</truncated>
		<difficult>0</difficult>
		<bndbox>
			<xmin>96</xmin>
			<ymin>256</ymin>
			<xmax>198</xmax>
			<ymax>318</ymax>
		</bndbox>
	</object>
	<object>
		<name>computer</name>
		<pose>Unspecified</pose>
		<truncated>0</truncated>
		<difficult>0</difficult>
		<bndbox>
			<xmin>206</xmin>
			<ymin>216</ymin>
			<xmax>333</xmax>
			<ymax>288</ymax>
		</bndbox>
	</object>
</annotation>
