<annotation verified="yes">
	<folder>333</folder>
	<filename>165.jpg</filename>
	<path>C:\Users\86152\PycharmProjects\untitled3\.idea\333\165.jpg</path>
	<source>
		<database>Unknown</database>
	</source>
	<size>
		<width>330</width>
		<height>220</height>
		<depth>3</depth>
	</size>
	<segmented>0</segmented>
	<object>
		<name>computer</name>
		<pose>Unspecified</pose>
		<truncated>0</truncated>
		<difficult>0</difficult>
		<bndbox>
			<xmin>9</xmin>
			<ymin>6</ymin>
			<xmax>301</xmax>
			<ymax>199</ymax>
		</bndbox>
	</object>
</annotation>
