<annotation verified="yes">
	<folder>333</folder>
	<filename>176.jpg</filename>
	<path>C:\Users\86152\PycharmProjects\untitled3\.idea\333\176.jpg</path>
	<source>
		<database>Unknown</database>
	</source>
	<size>
		<width>500</width>
		<height>333</height>
		<depth>3</depth>
	</size>
	<segmented>0</segmented>
	<object>
		<name>computer</name>
		<pose>Unspecified</pose>
		<truncated>0</truncated>
		<difficult>0</difficult>
		<bndbox>
			<xmin>105</xmin>
			<ymin>211</ymin>
			<xmax>240</xmax>
			<ymax>303</ymax>
		</bndbox>
	</object>
	<object>
		<name>computer</name>
		<pose>Unspecified</pose>
		<truncated>0</truncated>
		<difficult>0</difficult>
		<bndbox>
			<xmin>355</xmin>
			<ymin>254</ymin>
			<xmax>482</xmax>
			<ymax>324</ymax>
		</bndbox>
	</object>
</annotation>
