<annotation>
	<folder>JPEG</folder>
	<filename>202.jpg</filename>
	<path>C:\Users\86152\Desktop\JPEG\202.jpg</path>
	<source>
		<database>Unknown</database>
	</source>
	<size>
		<width>500</width>
		<height>333</height>
		<depth>3</depth>
	</size>
	<segmented>0</segmented>
	<object>
		<name>computer</name>
		<pose>Unspecified</pose>
		<truncated>0</truncated>
		<difficult>0</difficult>
		<bndbox>
			<xmin>48</xmin>
			<ymin>14</ymin>
			<xmax>446</xmax>
			<ymax>305</ymax>
		</bndbox>
	</object>
</annotation>
