<annotation>
	<folder>JPEG</folder>
	<filename>208.jpg</filename>
	<path>C:\Users\86152\Desktop\JPEG\208.jpg</path>
	<source>
		<database>Unknown</database>
	</source>
	<size>
		<width>500</width>
		<height>333</height>
		<depth>3</depth>
	</size>
	<segmented>0</segmented>
	<object>
		<name>computer</name>
		<pose>Unspecified</pose>
		<truncated>0</truncated>
		<difficult>0</difficult>
		<bndbox>
			<xmin>133</xmin>
			<ymin>9</ymin>
			<xmax>489</xmax>
			<ymax>287</ymax>
		</bndbox>
	</object>
</annotation>
