<annotation>
	<folder>JPEG</folder>
	<filename>221.jpg</filename>
	<path>C:\Users\86152\Desktop\JPEG\221.jpg</path>
	<source>
		<database>Unknown</database>
	</source>
	<size>
		<width>500</width>
		<height>333</height>
		<depth>3</depth>
	</size>
	<segmented>0</segmented>
	<object>
		<name>computer</name>
		<pose>Unspecified</pose>
		<truncated>0</truncated>
		<difficult>0</difficult>
		<bndbox>
			<xmin>92</xmin>
			<ymin>132</ymin>
			<xmax>217</xmax>
			<ymax>212</ymax>
		</bndbox>
	</object>
	<object>
		<name>computer</name>
		<pose>Unspecified</pose>
		<truncated>0</truncated>
		<difficult>0</difficult>
		<bndbox>
			<xmin>120</xmin>
			<ymin>139</ymin>
			<xmax>282</xmax>
			<ymax>242</ymax>
		</bndbox>
	</object>
	<object>
		<name>computer</name>
		<pose>Unspecified</pose>
		<truncated>0</truncated>
		<difficult>0</difficult>
		<bndbox>
			<xmin>177</xmin>
			<ymin>148</ymin>
			<xmax>380</xmax>
			<ymax>279</ymax>
		</bndbox>
	</object>
</annotation>
