<annotation>
	<folder>JPEG</folder>
	<filename>230.jpg</filename>
	<path>C:\Users\86152\Desktop\JPEG\230.jpg</path>
	<source>
		<database>Unknown</database>
	</source>
	<size>
		<width>500</width>
		<height>333</height>
		<depth>3</depth>
	</size>
	<segmented>0</segmented>
	<object>
		<name>computer</name>
		<pose>Unspecified</pose>
		<truncated>0</truncated>
		<difficult>0</difficult>
		<bndbox>
			<xmin>58</xmin>
			<ymin>64</ymin>
			<xmax>441</xmax>
			<ymax>319</ymax>
		</bndbox>
	</object>
</annotation>
