<annotation>
	<folder>JPEG</folder>
	<filename>231.jpg</filename>
	<path>C:\Users\86152\Desktop\JPEG\231.jpg</path>
	<source>
		<database>Unknown</database>
	</source>
	<size>
		<width>500</width>
		<height>333</height>
		<depth>3</depth>
	</size>
	<segmented>0</segmented>
	<object>
		<name>computer</name>
		<pose>Unspecified</pose>
		<truncated>0</truncated>
		<difficult>0</difficult>
		<bndbox>
			<xmin>31</xmin>
			<ymin>19</ymin>
			<xmax>455</xmax>
			<ymax>320</ymax>
		</bndbox>
	</object>
</annotation>
