<annotation>
	<folder>JPEG</folder>
	<filename>232.jpg</filename>
	<path>C:\Users\86152\Desktop\JPEG\232.jpg</path>
	<source>
		<database>Unknown</database>
	</source>
	<size>
		<width>500</width>
		<height>333</height>
		<depth>3</depth>
	</size>
	<segmented>0</segmented>
	<object>
		<name>computer</name>
		<pose>Unspecified</pose>
		<truncated>0</truncated>
		<difficult>0</difficult>
		<bndbox>
			<xmin>189</xmin>
			<ymin>12</ymin>
			<xmax>426</xmax>
			<ymax>232</ymax>
		</bndbox>
	</object>
</annotation>
