<annotation>
	<folder>JPEG</folder>
	<filename>244.jpg</filename>
	<path>C:\Users\86152\Desktop\JPEG\244.jpg</path>
	<source>
		<database>Unknown</database>
	</source>
	<size>
		<width>500</width>
		<height>333</height>
		<depth>3</depth>
	</size>
	<segmented>0</segmented>
	<object>
		<name>computer</name>
		<pose>Unspecified</pose>
		<truncated>0</truncated>
		<difficult>0</difficult>
		<bndbox>
			<xmin>161</xmin>
			<ymin>198</ymin>
			<xmax>264</xmax>
			<ymax>261</ymax>
		</bndbox>
	</object>
</annotation>
