<annotation>
	<folder>JPEG</folder>
	<filename>247.jpg</filename>
	<path>C:\Users\86152\Desktop\JPEG\247.jpg</path>
	<source>
		<database>Unknown</database>
	</source>
	<size>
		<width>500</width>
		<height>333</height>
		<depth>3</depth>
	</size>
	<segmented>0</segmented>
	<object>
		<name>computer</name>
		<pose>Unspecified</pose>
		<truncated>0</truncated>
		<difficult>0</difficult>
		<bndbox>
			<xmin>10</xmin>
			<ymin>4</ymin>
			<xmax>316</xmax>
			<ymax>302</ymax>
		</bndbox>
	</object>
</annotation>
