<annotation>
	<folder>JPEG</folder>
	<filename>250.jpg</filename>
	<path>C:\Users\86152\Desktop\JPEG\250.jpg</path>
	<source>
		<database>Unknown</database>
	</source>
	<size>
		<width>500</width>
		<height>333</height>
		<depth>3</depth>
	</size>
	<segmented>0</segmented>
	<object>
		<name>computer</name>
		<pose>Unspecified</pose>
		<truncated>0</truncated>
		<difficult>0</difficult>
		<bndbox>
			<xmin>26</xmin>
			<ymin>8</ymin>
			<xmax>493</xmax>
			<ymax>278</ymax>
		</bndbox>
	</object>
</annotation>
