<annotation>
	<folder>JPEG2</folder>
	<filename>271.jpg</filename>
	<path>C:\Users\86152\Desktop\four\JPEG2\271.jpg</path>
	<source>
		<database>Unknown</database>
	</source>
	<size>
		<width>500</width>
		<height>333</height>
		<depth>3</depth>
	</size>
	<segmented>0</segmented>
	<object>
		<name>computer</name>
		<pose>Unspecified</pose>
		<truncated>0</truncated>
		<difficult>0</difficult>
		<bndbox>
			<xmin>56</xmin>
			<ymin>10</ymin>
			<xmax>411</xmax>
			<ymax>317</ymax>
		</bndbox>
	</object>
</annotation>
