<annotation>
	<folder>JPEG2</folder>
	<filename>292.jpg</filename>
	<path>C:\Users\86152\Desktop\four\JPEG2\292.jpg</path>
	<source>
		<database>Unknown</database>
	</source>
	<size>
		<width>500</width>
		<height>333</height>
		<depth>3</depth>
	</size>
	<segmented>0</segmented>
	<object>
		<name>computer</name>
		<pose>Unspecified</pose>
		<truncated>0</truncated>
		<difficult>0</difficult>
		<bndbox>
			<xmin>30</xmin>
			<ymin>7</ymin>
			<xmax>480</xmax>
			<ymax>316</ymax>
		</bndbox>
	</object>
</annotation>
