<annotation>
	<folder>JPEG2</folder>
	<filename>293.jpg</filename>
	<path>C:\Users\86152\Desktop\four\JPEG2\293.jpg</path>
	<source>
		<database>Unknown</database>
	</source>
	<size>
		<width>500</width>
		<height>333</height>
		<depth>3</depth>
	</size>
	<segmented>0</segmented>
	<object>
		<name>computer</name>
		<pose>Unspecified</pose>
		<truncated>0</truncated>
		<difficult>0</difficult>
		<bndbox>
			<xmin>91</xmin>
			<ymin>29</ymin>
			<xmax>423</xmax>
			<ymax>329</ymax>
		</bndbox>
	</object>
</annotation>
