<annotation>
	<folder>Desktop</folder>
	<filename>30.jpg</filename>
	<path>C:\Users\86152\Desktop\30.jpg</path>
	<source>
		<database>Unknown</database>
	</source>
	<size>
		<width>600</width>
		<height>400</height>
		<depth>3</depth>
	</size>
	<segmented>0</segmented>
	<object>
		<name>computer</name>
		<pose>Unspecified</pose>
		<truncated>0</truncated>
		<difficult>0</difficult>
		<bndbox>
			<xmin>184</xmin>
			<ymin>23</ymin>
			<xmax>526</xmax>
			<ymax>390</ymax>
		</bndbox>
	</object>
</annotation>
