<annotation>
	<folder>picone</folder>
	<filename>32.jpg</filename>
	<path>C:\Users\86152\PycharmProjects\untitled3\.idea\picone\32.jpg</path>
	<source>
		<database>Unknown</database>
	</source>
	<size>
		<width>500</width>
		<height>333</height>
		<depth>3</depth>
	</size>
	<segmented>0</segmented>
	<object>
		<name>computer</name>
		<pose>Unspecified</pose>
		<truncated>0</truncated>
		<difficult>0</difficult>
		<bndbox>
			<xmin>37</xmin>
			<ymin>24</ymin>
			<xmax>431</xmax>
			<ymax>314</ymax>
		</bndbox>
	</object>
</annotation>
