<annotation>
	<folder>picone</folder>
	<filename>5.jpg</filename>
	<path>C:\Users\86152\PycharmProjects\untitled3\.idea\picone\5.jpg</path>
	<source>
		<database>Unknown</database>
	</source>
	<size>
		<width>500</width>
		<height>333</height>
		<depth>3</depth>
	</size>
	<segmented>0</segmented>
	<object>
		<name>computer</name>
		<pose>Unspecified</pose>
		<truncated>0</truncated>
		<difficult>0</difficult>
		<bndbox>
			<xmin>110</xmin>
			<ymin>25</ymin>
			<xmax>463</xmax>
			<ymax>311</ymax>
		</bndbox>
	</object>
</annotation>
