<annotation>
	<folder>picone</folder>
	<filename>53.jpg</filename>
	<path>C:\Users\86152\PycharmProjects\untitled3\.idea\picone\53.jpg</path>
	<source>
		<database>Unknown</database>
	</source>
	<size>
		<width>450</width>
		<height>300</height>
		<depth>3</depth>
	</size>
	<segmented>0</segmented>
	<object>
		<name>computer</name>
		<pose>Unspecified</pose>
		<truncated>0</truncated>
		<difficult>0</difficult>
		<bndbox>
			<xmin>51</xmin>
			<ymin>39</ymin>
			<xmax>390</xmax>
			<ymax>238</ymax>
		</bndbox>
	</object>
</annotation>
