<annotation>
	<folder>picone</folder>
	<filename>68.jpg</filename>
	<path>C:\Users\86152\PycharmProjects\untitled3\.idea\picone\68.jpg</path>
	<source>
		<database>Unknown</database>
	</source>
	<size>
		<width>500</width>
		<height>333</height>
		<depth>3</depth>
	</size>
	<segmented>0</segmented>
	<object>
		<name>computer</name>
		<pose>Unspecified</pose>
		<truncated>0</truncated>
		<difficult>0</difficult>
		<bndbox>
			<xmin>52</xmin>
			<ymin>45</ymin>
			<xmax>404</xmax>
			<ymax>318</ymax>
		</bndbox>
	</object>
</annotation>
