<annotation>
	<folder>picone</folder>
	<filename>99.jpg</filename>
	<path>C:\Users\86152\PycharmProjects\untitled3\.idea\picone\99.jpg</path>
	<source>
		<database>Unknown</database>
	</source>
	<size>
		<width>600</width>
		<height>400</height>
		<depth>3</depth>
	</size>
	<segmented>0</segmented>
	<object>
		<name>computer</name>
		<pose>Unspecified</pose>
		<truncated>0</truncated>
		<difficult>0</difficult>
		<bndbox>
			<xmin>82</xmin>
			<ymin>52</ymin>
			<xmax>531</xmax>
			<ymax>351</ymax>
		</bndbox>
	</object>
</annotation>
